composition,bootstraps_so_far,cluster_index,t_offset_s,plaintext_distance_km,raw_flag,encrypted_below,plaintext_below
1,0,0,-8478.0,304.45078627900216,0.062439105351836416,0,0
1,0,0,-8468.0,231.59079865145944,0.036124153853779484,0,0
1,0,0,-8458.0,160.61412076992457,0.017344138763958006,0,0
1,0,0,-8448.0,95.87440352520082,0.006136971335613941,0,0
1,0,0,-8438.0,61.8672900099473,0.0025160944252652015,0,0
1,0,0,-8428.0,98.5217761206196,0.006484345455896731,0,0
1,0,0,-8418.0,163.78619109670163,0.0180385654373339,0,0
1,0,0,-8408.0,234.89824389117408,0.037164598395581575,0,0
1,0,0,-8398.0,307.8088079614089,0.06382284898194521,0,0
1,0,1,-5665.0,300.0179276935107,0.06063544136257136,0,0
1,0,1,-5655.0,225.42739857452472,0.03422455864993076,0,0
1,0,1,-5645.0,151.26952317723746,0.015377291379393011,0,0
1,0,1,-5635.0,78.86428175576475,0.004130695373882345,0,0
1,0,1,-5625.0,28.933551216324762,0.0004975779110857198,0,0
1,0,1,-5615.0,82.0846004215063,0.004480553611448631,0,0
1,0,1,-5605.0,154.65710817262715,0.016076693376600417,0,0
1,0,1,-5595.0,228.84795947135078,0.03527250327230706,0,0
1,0,1,-5585.0,303.4491311945051,0.06202925712896827,0,0
1,0,2,-2852.5,303.10541031053765,0.06188892614845133,0,0
1,0,2,-2842.5,228.94474481826865,0.03530237532080111,0,0
1,0,2,-2832.5,155.48865793358618,0.01625074461476865,0,0
1,0,2,-2822.5,84.6758330494671,0.004772207995992962,0,0
1,0,2,-2812.5,37.469531884361956,0.0008801794454608158,0,0
1,0,2,-2802.5,82.95477224923609,0.004577485525517025,0,0
1,0,2,-2792.5,153.62246278226178,0.01586144426932459,0,0
1,0,2,-2782.5,227.04792829919174,0.034719070040810165,0,0
1,0,2,-2772.5,301.1981276583247,0.061113075891592275,0,0
1,0,3,-39.5,301.3383768930176,0.0611699709851554,0,0
1,0,3,-29.5,226.3001200945971,0.03449043859915301,0,0
1,0,3,-19.5,151.2492648079203,0.015373142846432921,0,0
1,0,3,-9.5,76.2414193718982,0.0038561037793537895,0,0
1,0,3,0.5,5.432028161531455,-4.757937668718714e-05,1,1
1,0,3,10.5,74.36051895739097,0.0036648883055230147,0,0
1,0,3,20.5,149.36514740085497,0.014990900040657548,0,0
1,0,3,30.5,224.41592884035148,0.033917704573664276,0,0
1,0,3,40.5,299.454778462611,0.06040816369483934,0,0
1,0,4,2773.5,299.9727084205604,0.060617148085077406,0,0
1,0,4,2783.5,225.14700270563097,0.03413935776003925,0,0
1,0,4,2793.5,150.3909039077634,0.015198409880343041,0,0
1,0,4,2803.5,76.00214146093589,0.0038315034079174914,0,0
1,0,4,2813.5,13.275690020288014,5.146451127768792e-05,0,0
1,0,4,2823.5,76.2886753722077,0.003860956193907625,0,0
1,0,4,2833.5,150.68071255267944,0.015257287028886547,0,0
1,0,4,2843.5,225.43735951607212,0.034227587013826076,0,0
1,0,4,2853.5,300.26317422098174,0.06073453772959572,0,0
1,0,5,5586.5,300.85853777445084,0.06097543289273283,0,0
1,0,5,5596.5,226.0330074524249,0.03440896107767701,0,0
1,0,5,5606.5,151.4066352236033,0.015405283958256149,0,0
1,0,5,5616.5,77.64710250037655,0.004002104918606687,0,0
1,0,5,5626.5,20.363405476724715,0.00021238888988360863,0,0
1,0,5,5636.5,77.99718771106576,0.004038885000361814,0,0
1,0,5,5646.5,151.76601067639842,0.015478817275974825,0,0
1,0,5,5656.5,226.39409854530538,0.034519132544975586,0,0
1,0,5,5666.5,301.2201313695357,0.06112199804282891,0,0
1,0,6,8399.5,298.76530232432253,0.06013048413192976,0,0
1,0,6,8409.5,223.91623342245833,0.033766614150935015,0,0
1,0,6,8419.5,149.1155539692337,0.014940612821343856,0,0
1,0,6,8429.5,74.60211081324452,0.00368917441320879,0,0
1,0,6,8439.5,11.697933572010182,2.4868464804553292e-05,0,0
1,0,6,8449.5,77.15080736561396,0.003950255560459047,0,0
1,0,6,8459.5,151.68653320747964,0.015462534990325896,0,0
1,0,6,8469.5,226.49071214243716,0.03454863365382898,0,0
1,0,6,8479.5,301.34019232510354,0.06117069566668079,0,0
2,0,0,-8478.0,304.45078627900216,0.20847541176271,0,0
2,0,0,-8468.0,231.59079865145944,0.12147952443645244,0,0
2,0,0,-8458.0,160.61412076992457,0.058487685599101794,0,0
2,0,0,-8448.0,95.87440352520082,0.02071009195996043,0,0
2,0,0,-8438.0,61.8672900099473,0.008491678016985887,0,0
2,0,0,-8428.0,98.5217761206196,0.021882068805162025,0,0
2,0,0,-8418.0,163.78619109670163,0.060825288969837264,0,0
2,0,0,-8408.0,234.89824389117408,0.1249519944343907,0,0
2,0,0,-8398.0,307.8088079614089,0.21299308833057023,0,0
2,0,1,-5665.0,300.0179276935107,0.20257692012279185,0,0
2,0,1,-5655.0,225.42739857452472,0.11513401633889576,0,0
2,0,1,-5645.0,151.26952317723746,0.051864335905977325,0,0
2,0,1,-5635.0,78.86428175576475,0.013940461910583138,0,0
2,0,1,-5625.0,28.933551216324762,0.0016793170939965185,0,0
2,0,1,-5615.0,82.0846004215063,0.015120962133256692,0,0
2,0,1,-5605.0,154.65710817262715,0.05421998317486348,0,0
2,0,1,-5595.0,228.84795947135078,0.11863545127002943,0,0
2,0,1,-5585.0,303.4491311945051,0.2071360437740695,0,0
2,0,2,-2852.5,303.10541031053765,0.20667732203622946,0,0
2,0,2,-2842.5,228.94474481826865,0.11873528132513286,0,0
2,0,2,-2832.5,155.48865793358618,0.054806155979026404,0,0
2,0,2,-2822.5,84.6758330494671,0.016105226205842427,0,0
2,0,2,-2812.5,37.469531884361956,0.0029705989334097987,0,0
2,0,2,-2802.5,82.95477224923609,0.015448100849649898,0,0
2,0,2,-2792.5,153.62246278226178,0.05349505101402128,0,0
2,0,2,-2782.5,227.04792829919174,0.1167865625448576,0,0
2,0,2,-2772.5,301.1981276583247,0.20413999034799024,0,0
2,0,3,-39.5,301.3383768930176,0.20432613992452392,0,0
2,0,3,-29.5,226.3001200945971,0.1160225892656955,0,0
2,0,3,-19.5,151.2492648079203,0.05185043795513167,0,0
2,0,3,-9.5,76.2414193718982,0.013013792650573855,0,0
2,0,3,0.5,5.432028161531455,-0.00016060418809107113,1,1
2,0,3,10.5,74.36051895739097,0.012368527470825813,0,0
2,0,3,20.5,149.36514740085497,0.05056277555744298,0,0
2,0,3,30.5,224.41592884035148,0.11410829720742664,0,0
2,0,3,40.5,299.454778462611,0.2018329098772044,0,0
2,0,4,2773.5,299.9727084205604,0.20251711633509176,0,0
2,0,4,2783.5,225.14700270563097,0.11484922518010271,0,0
2,0,4,2793.5,150.3909039077634,0.05126176227892299,0,0
2,0,4,2803.5,76.00214146093589,0.012930771069230212,0,0
2,0,4,2813.5,13.275690020288014,0.000173696843524751,0,0
2,0,4,2823.5,76.2886753722077,0.013030225891239727,0,0
2,0,4,2833.5,150.68071255267944,0.051460118028882854,0,0
2,0,4,2843.5,225.43735951607212,0.11514409811845383,0,0
2,0,4,2853.5,300.26317422098174,0.20290130995299177,0,0
2,0,5,5586.5,300.85853777445084,0.20368969049891889,0,0
2,0,5,5596.5,226.0330074524249,0.11575027363795398,0,0
2,0,5,5606.5,151.4066352236033,0.0519586487404358,0,0
2,0,5,5616.5,77.64710250037655,0.013506506121752845,0,0
2,0,5,5626.5,20.363405476724715,0.0007168013579198218,0,0
2,0,5,5636.5,77.99718771106576,0.013630613001934633,0,0
2,0,5,5646.5,151.76601067639842,0.05220630671574738,0,0
2,0,5,5656.5,226.39409854530538,0.11611847092426056,0,0
2,0,5,5666.5,301.2201313695357,0.2041691815475984,0,0
2,0,6,8399.5,298.76530232432253,0.20092370437533597,0,0
2,0,6,8409.5,223.91623342245833,0.11360320982438982,0,0
2,0,6,8419.5,149.1155539692337,0.05039343970956286,0,0
2,0,6,8429.5,74.60211081324452,0.012450490585426674,0,0
2,0,6,8439.5,11.697933572010182,8.391494771857466e-05,0,0
2,0,6,8449.5,77.15080736561396,0.013331488719749596,0,0
2,0,6,8459.5,151.68653320747964,0.05215151308388904,0,0
2,0,6,8469.5,226.49071214243716,0.1162170734413441,0,0
2,0,6,8479.5,301.34019232510354,0.20432849515155654,0,0
3,0,0,-8478.0,304.45078627900216,0.6266093116240457,0,0
3,0,0,-8468.0,231.59079865145944,0.3937723988458728,0,0
3,0,0,-8458.0,160.61412076992457,0.1955393094880244,0,0
3,0,0,-8448.0,95.87440352520082,0.06981364182625976,0,0
3,0,0,-8438.0,61.8672900099473,0.02865363377963337,0,0
3,0,0,-8428.0,98.5217761206196,0.07375429232471481,0,0
3,0,0,-8418.0,163.78619109670163,0.2031984302804002,0,0
3,0,0,-8408.0,234.89824389117408,0.40409432488143393,0,0
3,0,0,-8398.0,307.8088079614089,0.637078046691969,0,0
3,0,1,-5665.0,300.0179276935107,0.6126836004660586,0,0
3,0,1,-5655.0,225.42739857452472,0.3747216984987457,0,0
3,0,1,-5645.0,151.26952317723746,0.1737453557976247,0,0
3,0,1,-5635.0,78.86428175576475,0.04702371365068847,0,0
3,0,1,-5625.0,28.933551216324762,0.005667709087847361,0,0
3,0,1,-5615.0,82.0846004215063,0.05100110835417607,0,0
3,0,1,-5605.0,154.65710817262715,0.18151165381449785,0,0
3,0,1,-5595.0,228.84795947135078,0.38526363976473066,0,0
3,0,1,-5585.0,303.4491311945051,0.6234728286619295,0,0
3,0,2,-2852.5,303.10541031053765,0.6223950557984106,0,0
3,0,2,-2842.5,228.94474481826865,0.3855632037389083,0,0
3,0,2,-2832.5,155.48865793358618,0.18344163923163442,0,0
3,0,2,-2822.5,84.6758330494671,0.054316098684813685,0,0
3,0,2,-2812.5,37.469531884361956,0.01002546384462677,0,0
3,0,2,-2802.5,82.95477224923609,0.052103018364685866,0,0
3,0,2,-2792.5,153.62246278226178,0.17912337382238883,0,0
3,0,2,-2782.5,227.04792829919174,0.37970612798988795,0,0
3,0,2,-2772.5,301.1981276583247,0.6164021838272562,0,0
3,0,3,-39.5,301.3383768930176,0.6168436392004337,0,0
3,0,3,-29.5,226.3001200945971,0.3774038033659631,0,0
3,0,3,-19.5,151.2492648079203,0.17369939290513176,0,0
3,0,3,-9.5,76.2414193718982,0.04390106254949744,0,0
3,0,3,0.5,5.432028161531455,-0.0005420152955378943,1,1
3,0,3,10.5,74.36051895739097,0.04172628125386446,0,0
3,0,3,20.5,149.36514740085497,0.16944750252333796,0,0
3,0,3,30.5,224.41592884035148,0.37161987814385294,0,0
3,0,3,40.5,299.454778462611,0.6109064314572725,0,0
3,0,4,2773.5,299.9727084205604,0.6125408081554915,0,0
3,0,4,2783.5,225.14700270563097,0.3738611616130162,0,0
3,0,4,2793.5,150.3909039077634,0.1717563142017981,0,0
3,0,4,2803.5,76.00214146093589,0.04362122680751876,0,0
3,0,4,2813.5,13.275690020288014,0.0005863891381198139,0,0
3,0,4,2823.5,76.2886753722077,0.04395632116552772,0,0
3,0,4,2833.5,150.68071255267944,0.17241106011431084,0,0
3,0,4,2843.5,225.43735951607212,0.3747523250679775,0,0
3,0,4,2853.5,300.26317422098174,0.6134568054951283,0,0
3,0,5,5586.5,300.85853777445084,0.6153327997833575,0,0
3,0,5,5596.5,226.0330074524249,0.37658232633503697,0,0
3,0,5,5606.5,151.4066352236033,0.17405676794424074,0,0
3,0,5,5616.5,77.64710250037655,0.04556138392184486,0,0
3,0,5,5626.5,20.363405476724715,0.002419214784923851,0,0
3,0,5,5636.5,77.99718771106576,0.045979634154800386,0,0
3,0,5,5646.5,151.76601067639842,0.1748738849935061,0,0
3,0,5,5656.5,226.39409854530538,0.3776929737938736,0,0
3,0,5,5666.5,301.2201313695357,0.6164713940476205,0,0
3,0,6,8399.5,298.76530232432253,0.6087283982822439,0,0
3,0,6,8409.5,223.91623342245833,0.3700901487425945,0,0
3,0,6,8419.5,149.1155539692337,0.16888786641533218,0,0
3,0,6,8429.5,74.60211081324452,0.04200237364995968,0,0
3,0,6,8439.5,11.697933572010182,0.00028324775700477867,0,0
3,0,6,8449.5,77.15080736561396,0.044971741691027745,0,0
3,0,6,8459.5,151.68653320747964,0.17469308717655746,0,0
3,0,6,8469.5,226.49071214243716,0.37799022014239086,0,0
3,0,6,8479.5,301.34019232510354,0.6168492832065278,0,0
4,0,0,-8478.0,304.45078627900216,0.9967081352256653,0,0
4,0,0,-8468.0,231.59079865145944,0.9155828504216874,0,0
4,0,0,-8458.0,160.61412076992457,0.5956898805900319,0,0
4,0,0,-8448.0,95.87440352520082,0.23247376959630284,0,0
4,0,0,-8438.0,61.8672900099473,0.09648659822720895,0,0
4,0,0,-8428.0,98.5217761206196,0.24521402524765168,0,0
4,0,0,-8418.0,163.78619109670163,0.6141646047500464,0,0
4,0,0,-8408.0,234.89824389117408,0.9240140605545444,0,0
4,0,0,-8398.0,307.8088079614089,0.997313776778411,0,0
4,0,1,-5665.0,300.0179276935107,0.995729479232362,0,0
4,0,1,-5655.0,225.42739857452472,0.8982119285304178,0,0
4,0,1,-5645.0,151.26952317723746,0.5405179935745154,0,0
4,0,1,-5635.0,78.86428175576475,0.15773747583570497,0,0
4,0,1,-5625.0,28.933551216324762,0.019126501996312717,0,0
4,0,1,-5615.0,82.0846004215063,0.17089536769733538,0,0
4,0,1,-5605.0,154.65710817262715,0.5606129581448632,0,0
4,0,1,-5595.0,228.84795947135078,0.9081217562355883,0,0
4,0,1,-5585.0,303.4491311945051,0.9965060461924145,0,0
4,0,2,-2852.5,303.10541031053765,0.9964340516662129,0,0
4,0,2,-2842.5,228.94474481826865,0.908392668209902,0,0
4,0,2,-2832.5,155.48865793358618,0.5655326413857626,0,0
4,0,2,-2822.5,84.6758330494671,0.18182809997380422,0,0
4,0,2,-2812.5,37.469531884361956,0.0338265861385072,0,0
4,0,2,-2802.5,82.95477224923609,0.1745330659853554,0,0
4,0,2,-2792.5,153.62246278226178,0.5544839139637476,0,0
4,0,2,-2782.5,227.04792829919174,0.9029912452132473,0,0
4,0,2,-2772.5,301.1981276583247,0.9960117462808242,0,0
4,0,3,-39.5,301.3383768930176,0.996044169266331,0,0
4,0,3,-29.5,226.3001200945971,0.9008046336626664,0,0
4,0,3,-19.5,151.2492648079203,0.5403976634636641,0,0
4,0,3,-9.5,76.2414193718982,0.14737785242416362,0,0
4,0,3,0.5,5.432028161531455,-0.0018293666067252653,1,1
4,0,3,10.5,74.36051895739097,0.14014917823924705,0,0
4,0,3,20.5,149.36514740085497,0.5291963712221541,0,0
4,0,3,30.5,224.41592884035148,0.8951518421979425,0,0
4,0,3,40.5,299.454778462611,0.9955887881521015,0,0
4,0,4,2773.5,299.9727084205604,0.9957183328557881,0,0
4,0,4,2783.5,225.14700270563097,0.8973697423950439,0,0
4,0,4,2793.5,150.3909039077634,0.5352960254007788,0,0
4,0,4,2803.5,76.00214146093589,0.1464490917756877,0,0
4,0,4,2813.5,13.275690020288014,0.001978811497311439,0,0
4,0,4,2823.5,76.2886753722077,0.1475616874436131,0,0
4,0,4,2833.5,150.68071255267944,0.5370185290485032,0,0
4,0,4,2843.5,225.43735951607212,0.8982417950823353,0,0
4,0,4,2853.5,300.26317422098174,0.9957894171549858,0,0
4,0,5,5586.5,300.85853777445084,0.995932236391136,0,0
4,0,5,5596.5,226.0330074524249,0.90001587291304,0,0
4,0,5,5606.5,151.4066352236033,0.5413326912410913,0,0
4,0,5,5616.5,77.64710250037655,0.1528893978238935,0,0
4,0,5,5626.5,20.363405476724715,0.00816453728961708,0,0
4,0,5,5636.5,77.99718771106576,0.15427663850379236,0,0
4,0,5,5646.5,151.76601067639842,0.5434676476862271,0,0
4,0,5,5656.5,226.39409854530538,0.901081257291602,0,0
4,0,5,5666.5,301.2201313695357,0.9960166182902317,0,0
4,0,6,8399.5,298.76530232432253,0.9954110764212525,0,0
4,0,6,8409.5,223.91623342245833,0.8936181273104153,0,0
4,0,6,8419.5,149.1155539692337,0.5277113785343244,0,0
4,0,6,8429.5,74.60211081324452,0.14106767473301896,0,0
4,0,6,8439.5,11.697933572010182,0.0009559595394614817,0,0
4,0,6,8449.5,77.15080736561396,0.15093316800231638,0,0
4,0,6,8459.5,151.68653320747964,0.5429953979572969,0,0
4,0,6,8469.5,226.49071214243716,0.9013650497394482,0,0
4,0,6,8479.5,301.34019232510354,0.9960446725668517,0,0
5,0,0,-8478.0,304.45078627900216,0.9999995152024111,0,0
5,0,0,-8468.0,231.59079865145944,1.000000214466022,0,0
5,0,0,-8458.0,160.61412076992457,0.9942192152495599,0,0
5,0,0,-8448.0,95.87440352520082,0.680232093818905,0,0
5,0,0,-8438.0,61.8672900099473,0.31741468615294594,0,0
5,0,0,-8428.0,98.5217761206196,0.7066897142217836,0,0
5,0,0,-8418.0,163.78619109670163,0.9958434017205003,0,0
5,0,0,-8408.0,234.89824389117408,0.9999993782378087,0,0
5,0,0,-8398.0,307.8088079614089,1.0000000524033643,0,0
5,0,1,-5665.0,300.0179276935107,0.9999996946844214,0,0
5,0,1,-5655.0,225.42739857452472,0.9999992821682351,0,0
5,0,1,-5645.0,151.26952317723746,0.9859980552034552,0,0
5,0,1,-5635.0,78.86428175576475,0.49763681776342567,0,0
5,0,1,-5625.0,28.933551216324762,0.0644869460679639,0,0
5,0,1,-5615.0,82.0846004215063,0.5330266842631477,0,0
5,0,1,-5605.0,154.65710817262715,0.9896892528597788,0,0
5,0,1,-5595.0,228.84795947135078,0.999999643544716,0,0
5,0,1,-5585.0,303.4491311945051,0.9999998047688525,0,0
5,0,2,-2852.5,303.10541031053765,1.0000006407810742,0,0
5,0,2,-2842.5,228.94474481826865,0.9999999935990264,0,0
5,0,2,-2832.5,155.48865793358618,0.990459230106011,0,0
5,0,2,-2822.5,84.6758330494671,0.5614209324799465,0,0
5,0,2,-2812.5,37.469531884361956,0.11380474047409173,0,0
5,0,2,-2802.5,82.95477224923609,0.5425769579660005,0,0
5,0,2,-2792.5,153.62246278226178,0.9886600180140919,0,0
5,0,2,-2782.5,227.04792829919174,1.0000001149283535,0,0
5,0,2,-2772.5,301.1981276583247,0.9999996759133745,0,0
5,0,3,-39.5,301.3383768930176,1.0000000398895894,0,0
5,0,3,-29.5,226.3001200945971,1.0000000746228,0,0
5,0,3,-19.5,151.2492648079203,0.9859728332121767,0,0
5,0,3,-9.5,76.2414193718982,0.46887866148119345,0,0
5,0,3,0.5,5.432028161531455,-0.006173452661340866,1,1
5,0,3,10.5,74.36051895739097,0.4483636495243105,0,0
5,0,3,20.5,149.36514740085497,0.9834858087016957,0,0
5,0,3,30.5,224.41592884035148,0.9999993560883862,0,0
5,0,3,40.5,299.454778462611,1.0000001997544283,0,0
5,0,4,2773.5,299.9727084205604,0.9999995532063113,0,0
5,0,4,2783.5,225.14700270563097,1.000000453106377,0,0
5,0,4,2793.5,150.3909039077634,0.9848810184527047,0,0
5,0,4,2803.5,76.00214146093589,0.46626223658422444,0,0
5,0,4,2813.5,13.275690020288014,0.006677642848820553,0,0
5,0,4,2823.5,76.2886753722077,0.46939492688654033,0,0
5,0,4,2833.5,150.68071255267944,0.9852568967317785,0,0
5,0,4,2843.5,225.43735951607212,0.9999995383032653,0,0
5,0,4,2853.5,300.26317422098174,1.0000000287085433,0,0
5,0,5,5586.5,300.85853777445084,0.9999996439250848,0,0
5,0,5,5596.5,226.0330074524249,0.9999994699610766,0,0
5,0,5,5606.5,151.4066352236033,0.9861664841500551,0,0
5,0,5,5616.5,77.64710250037655,0.4842750550781907,0,0
5,0,5,5626.5,20.363405476724715,0.027550364175856767,0,0
5,0,5,5636.5,77.99718771106576,0.4881157839487011,0,0
5,0,5,5646.5,151.76601067639842,0.9865992044506889,0,0
5,0,5,5656.5,226.39409854530538,0.9999995249499413,0,0
5,0,5,5666.5,301.2201313695357,1.0000003061085785,0,0
5,0,6,8399.5,298.76530232432253,0.9999996024150352,0,0
5,0,6,8409.5,223.91623342245833,0.9999996544030523,0,0
5,0,6,8419.5,149.1155539692337,0.9831317234990795,0,0
5,0,6,8429.5,74.60211081324452,0.4509901121039954,0,0
5,0,6,8439.5,11.697933572010182,0.0032264108267408,0,0
5,0,6,8449.5,77.15080736561396,0.4788337422401133,0,0
5,0,6,8459.5,151.68653320747964,0.9865037282041055,0,0
5,0,6,8469.5,226.49071214243716,0.9999998205905134,0,0
5,0,6,8479.5,301.34019232510354,1.0000006998364908,0,0
6,0,0,-8478.0,304.45078627900216,0.9999991129134481,0,0
6,0,0,-8468.0,231.59079865145944,1.0000004613904887,0,0
6,0,0,-8458.0,160.61412076992457,1.0000006785524456,0,0
6,0,0,-8448.0,95.87440352520082,0.9989259362691394,0,0
6,0,0,-8438.0,61.8672900099473,0.8302464023038839,0,0
6,0,0,-8428.0,98.5217761206196,0.9994301774510637,0,0
6,0,0,-8418.0,163.78619109670163,1.0000007516087732,0,0
6,0,0,-8408.0,234.89824389117408,1.0000001332057682,0,0
6,0,0,-8398.0,307.8088079614089,0.999999849020448,0,0
6,0,1,-5665.0,300.0179276935107,1.000000020404236,0,0
6,0,1,-5655.0,225.42739857452472,1.0000009951241842,0,0
6,0,1,-5645.0,151.26952317723746,1.0000000726731553,0,0
6,0,1,-5635.0,78.86428175576475,0.9745170548796886,0,0
6,0,1,-5625.0,28.933551216324762,0.21515928948787555,0,0
6,0,1,-5615.0,82.0846004215063,0.9843741677867733,0,0
6,0,1,-5605.0,154.65710817262715,1.0000003272493017,0,0
6,0,1,-5595.0,228.84795947135078,0.9999992813885832,0,0
6,0,1,-5585.0,303.4491311945051,0.9999988522275902,0,0
6,0,2,-2852.5,303.10541031053765,0.9999988980593763,0,0
6,0,2,-2842.5,228.94474481826865,0.9999999061212633,0,0
6,0,2,-2832.5,155.48865793358618,0.9999988484532748,0,0
6,0,2,-2822.5,84.6758330494671,0.9898187805833342,0,0
6,0,2,-2812.5,37.469531884361956,0.37069889093883596,0,0
6,0,2,-2802.5,82.95477224923609,0.986418883208019,0,0
6,0,2,-2792.5,153.62246278226178,1.0000003993849231,0,0
6,0,2,-2782.5,227.04792829919174,1.0000001721373268,0,0
6,0,2,-2772.5,301.1981276583247,1.0000011138674072,0,0
6,0,3,-39.5,301.3383768930176,1.000000337712434,0,0
6,0,3,-29.5,226.3001200945971,1.0000000981224233,0,0
6,0,3,-19.5,151.2492648079203,0.9999992844581589,0,0
6,0,3,-9.5,76.2414193718982,0.9633044876056605,0,0
6,0,3,0.5,5.432028161531455,-0.0208355034686168,1,1
6,0,3,10.5,74.36051895739097,0.9531747244589498,0,0
6,0,3,20.5,149.36514740085497,0.999999408471836,0,0
6,0,3,30.5,224.41592884035148,1.0000002892115527,0,0
6,0,3,40.5,299.454778462611,1.0000003901668961,0,0
6,0,4,2773.5,299.9727084205604,1.0000000124709472,0,0
6,0,4,2783.5,225.14700270563097,1.000001169679969,0,0
6,0,4,2793.5,150.3909039077634,1.00000012053824,0,0
6,0,4,2803.5,76.00214146093589,0.9621184410494437,0,0
6,0,4,2813.5,13.275690020288014,0.022536781483606827,0,0
6,0,4,2823.5,76.2886753722077,0.963535726634664,0,0
6,0,4,2833.5,150.68071255267944,1.0000004734776968,0,0
6,0,4,2843.5,225.43735951607212,1.0000004539747003,0,0
6,0,4,2853.5,300.26317422098174,1.0000003234330546,0,0
6,0,5,5586.5,300.85853777445084,0.9999985912851279,0,0
6,0,5,5596.5,226.0330074524249,1.0000005442131383,0,0
6,0,5,5606.5,151.4066352236033,1.0000003951569687,0,0
6,0,5,5616.5,77.64710250037655,0.9697081909237433,0,0
6,0,5,5626.5,20.363405476724715,0.09278867509053979,0,0
6,0,5,5636.5,77.99718771106576,0.9711577733104245,0,0
6,0,5,5646.5,151.76601067639842,0.9999987902529747,0,0
6,0,5,5656.5,226.39409854530538,0.9999999077109046,0,0
6,0,5,5666.5,301.2201313695357,1.0000000930000061,0,0
6,0,6,8399.5,298.76530232432253,0.9999998321086658,0,0
6,0,6,8409.5,223.91623342245833,0.9999983371090009,0,0
6,0,6,8419.5,149.1155539692337,1.0000000165427851,0,0
6,0,6,8429.5,74.60211081324452,0.9545792746466487,0,0
6,0,6,8439.5,11.697933572010182,0.010887933965377405,0,0
6,0,6,8449.5,77.15080736561396,0.9675551100498088,0,0
6,0,6,8459.5,151.68653320747964,0.9999995425291871,0,0
6,0,6,8469.5,226.49071214243716,0.9999988154874109,0,0
6,0,6,8479.5,301.34019232510354,0.9999987211636405,0,0
7,1,0,-8478.0,304.45078627900216,0.9999929217055497,0,0
7,1,0,-8468.0,231.59079865145944,0.9999959190137804,0,0
7,1,0,-8458.0,160.61412076992457,1.0000151316325931,0,0
7,1,0,-8448.0,95.87440352520082,0.9999914083441868,0,0
7,1,0,-8438.0,61.8672900099473,0.9999961134501485,0,0
7,1,0,-8428.0,98.5217761206196,1.0000097913213268,0,0
7,1,0,-8418.0,163.78619109670163,1.0000237565935395,0,0
7,1,0,-8408.0,234.89824389117408,0.9999924887804372,0,0
7,1,0,-8398.0,307.8088079614089,0.9999970705606172,0,0
7,1,1,-5665.0,300.0179276935107,1.000021165837648,0,0
7,1,1,-5655.0,225.42739857452472,1.0000138505389158,0,0
7,1,1,-5645.0,151.26952317723746,1.0000079135222208,0,0
7,1,1,-5635.0,78.86428175576475,1.000000946611949,0,0
7,1,1,-5625.0,28.933551216324762,0.6420451253456606,0,0
7,1,1,-5615.0,82.0846004215063,0.9999926573560858,0,0
7,1,1,-5605.0,154.65710817262715,0.9999959732461394,0,0
7,1,1,-5595.0,228.84795947135078,0.9999868448936154,0,0
7,1,1,-5585.0,303.4491311945051,1.000004696193332,0,0
7,1,2,-2852.5,303.10541031053765,1.0000038506360036,0,0
7,1,2,-2842.5,228.94474481826865,0.999994110037332,0,0
7,1,2,-2832.5,155.48865793358618,1.0000023143048045,0,0
7,1,2,-2822.5,84.6758330494671,0.9999978928194336,0,0
7,1,2,-2812.5,37.469531884361956,0.8942151542233326,0,0
7,1,2,-2802.5,82.95477224923609,0.9999979604904102,0,0
7,1,2,-2792.5,153.62246278226178,1.0000067070007153,0,0
7,1,2,-2782.5,227.04792829919174,0.9999925220031556,0,0
7,1,2,-2772.5,301.1981276583247,1.000021584315752,0,0
7,1,3,-39.5,301.3383768930176,1.0000064290813362,0,0
7,1,3,-29.5,226.3001200945971,0.9999854289506246,0,0
7,1,3,-19.5,151.2492648079203,1.0000141960199644,0,0
7,1,3,-9.5,76.2414193718982,0.9999746601285352,0,0
7,1,3,0.5,5.432028161531455,-0.07026908343348497,1,1
7,1,3,10.5,74.36051895739097,0.9999893376543998,0,0
7,1,3,20.5,149.36514740085497,1.0000083929229464,0,0
7,1,3,30.5,224.41592884035148,0.9999963382642073,0,0
7,1,3,40.5,299.454778462611,0.9999963365509514,0,0
7,1,4,2773.5,299.9727084205604,1.0000028397246723,0,0
7,1,4,2783.5,225.14700270563097,0.9999980285398393,0,0
7,1,4,2793.5,150.3909039077634,1.0000029086271214,0,0
7,1,4,2803.5,76.00214146093589,1.0000166351891586,0,0
7,1,4,2813.5,13.275690020288014,0.07587352025576993,0,0
7,1,4,2823.5,76.2886753722077,0.9999877519167563,0,0
7,1,4,2833.5,150.68071255267944,1.0000142157593483,0,0
7,1,4,2843.5,225.43735951607212,1.0000066361764348,0,0
7,1,4,2853.5,300.26317422098174,0.9999954994842487,0,0
7,1,5,5586.5,300.85853777445084,1.0000102881116768,0,0
7,1,5,5596.5,226.0330074524249,1.0000023435733958,0,0
7,1,5,5606.5,151.4066352236033,1.0000031025833973,0,0
7,1,5,5616.5,77.64710250037655,0.9999887394973827,0,0
7,1,5,5626.5,20.363405476724715,0.3057772897471947,0,0
7,1,5,5636.5,77.99718771106576,0.9999881581328315,0,0
7,1,5,5646.5,151.76601067639842,1.0000008527113478,0,0
7,1,5,5656.5,226.39409854530538,0.9999942802252025,0,0
7,1,5,5666.5,301.2201313695357,0.9999967582516206,0,0
7,1,6,8399.5,298.76530232432253,1.0000041660720258,0,0
7,1,6,8409.5,223.91623342245833,0.9999901548309292,0,0
7,1,6,8419.5,149.1155539692337,0.9999968585177341,0,0
7,1,6,8429.5,74.60211081324452,0.9999933430391825,0,0
7,1,6,8439.5,11.697933572010182,0.03673541305665429,0,0
7,1,6,8449.5,77.15080736561396,0.999984687088525,0,0
7,1,6,8459.5,151.68653320747964,1.0000074508600887,0,0
7,1,6,8469.5,226.49071214243716,1.0000079125075843,0,0
7,1,6,8479.5,301.34019232510354,0.9999943581715388,0,0
8,1,0,-8478.0,304.45078627900216,1.0000249425047476,0,0
8,1,0,-8468.0,231.59079865145944,0.9999920192436192,0,0
8,1,0,-8458.0,160.61412076992457,1.000030908557086,0,0
8,1,0,-8448.0,95.87440352520082,1.0000070996838686,0,0
8,1,0,-8438.0,61.8672900099473,0.9999771459876133,0,0
8,1,0,-8428.0,98.5217761206196,0.999992380000872,0,0
8,1,0,-8418.0,163.78619109670163,0.9999953724338903,0,0
8,1,0,-8408.0,234.89824389117408,1.0000618222918987,0,0
8,1,0,-8398.0,307.8088079614089,1.000005572597089,0,0
8,1,1,-5665.0,300.0179276935107,0.9999989081147342,0,0
8,1,1,-5655.0,225.42739857452472,0.9999741747815414,0,0
8,1,1,-5645.0,151.26952317723746,1.0000043595996222,0,0
8,1,1,-5635.0,78.86428175576475,0.9999390901227504,0,0
8,1,1,-5625.0,28.933551216324762,0.997564939688404,0,0
8,1,1,-5615.0,82.0846004215063,0.9999800261214539,0,0
8,1,1,-5605.0,154.65710817262715,0.9999769684546114,0,0
8,1,1,-5595.0,228.84795947135078,1.0000281908669715,0,0
8,1,1,-5585.0,303.4491311945051,1.0000412269216226,0,0
8,1,2,-2852.5,303.10541031053765,1.0000529955150397,0,0
8,1,2,-2842.5,228.94474481826865,0.999990616999226,0,0
8,1,2,-2832.5,155.48865793358618,0.9999981841196411,0,0
8,1,2,-2822.5,84.6758330494671,1.0000020944510783,0,0
8,1,2,-2812.5,37.469531884361956,1.0000329317637147,0,0
8,1,2,-2802.5,82.95477224923609,1.0000104229339057,0,0
8,1,2,-2792.5,153.62246278226178,1.0000069955314042,0,0
8,1,2,-2782.5,227.04792829919174,0.9999912448798953,0,0
8,1,2,-2772.5,301.1981276583247,0.9999835163894112,0,0
8,1,3,-39.5,301.3383768930176,1.0000370993023402,0,0
8,1,3,-29.5,226.3001200945971,1.0000128804100719,0,0
8,1,3,-19.5,151.2492648079203,0.9999532594492666,0,0
8,1,3,-9.5,76.2414193718982,1.0000123455961196,0,0
8,1,3,0.5,5.432028161531455,-0.23396164366590166,1,1
8,1,3,10.5,74.36051895739097,0.9999665575128143,0,0
8,1,3,20.5,149.36514740085497,1.0000385666867835,0,0
8,1,3,30.5,224.41592884035148,0.9999429877744338,0,0
8,1,3,40.5,299.454778462611,0.9999815601912996,0,0
8,1,4,2773.5,299.9727084205604,1.0000152366097816,0,0
8,1,4,2783.5,225.14700270563097,0.9999790710603883,0,0
8,1,4,2793.5,150.3909039077634,0.9999976430621279,0,0
8,1,4,2803.5,76.00214146093589,1.0000256202785325,0,0
8,1,4,2813.5,13.275690020288014,0.2520519669198805,0,0
8,1,4,2823.5,76.2886753722077,0.9999829107442011,0,0
8,1,4,2833.5,150.68071255267944,1.0000020110953476,0,0
8,1,4,2843.5,225.43735951607212,1.0000216202465118,0,0
8,1,4,2853.5,300.26317422098174,0.9999949725462117,0,0
8,1,5,5586.5,300.85853777445084,0.9999632107368134,0,0
8,1,5,5596.5,226.0330074524249,1.0000355281335545,0,0
8,1,5,5606.5,151.4066352236033,0.9999756695431814,0,0
8,1,5,5616.5,77.64710250037655,0.9999688899907737,0,0
8,1,5,5626.5,20.363405476724715,0.8133593062658506,0,0
8,1,5,5636.5,77.99718771106576,1.000042699316589,0,0
8,1,5,5646.5,151.76601067639842,1.0000071574059874,0,0
8,1,5,5656.5,226.39409854530538,0.9999858596202297,0,0
8,1,5,5666.5,301.2201313695357,1.0000052832992545,0,0
8,1,6,8399.5,298.76530232432253,1.0000013264090253,0,0
8,1,6,8409.5,223.91623342245833,0.9999901510998015,0,0
8,1,6,8419.5,149.1155539692337,1.0000165961867344,0,0
8,1,6,8429.5,74.60211081324452,1.0000042597663683,0,0
8,1,6,8439.5,11.697933572010182,0.12346975995485698,0,0
8,1,6,8449.5,77.15080736561396,0.9999630189984103,0,0
8,1,6,8459.5,151.68653320747964,1.0000278651956704,0,0
8,1,6,8469.5,226.49071214243716,0.9999880382601847,0,0
8,1,6,8479.5,301.34019232510354,0.9999764042924344,0,0
9,2,0,-8478.0,304.45078627900216,1.0000018562316944,0,0
9,2,0,-8468.0,231.59079865145944,0.9999391416334026,0,0
9,2,0,-8458.0,160.61412076992457,1.000025647804017,0,0
9,2,0,-8448.0,95.87440352520082,1.0000081001651568,0,0
9,2,0,-8438.0,61.8672900099473,1.000066844409712,0,0
9,2,0,-8428.0,98.5217761206196,0.9999947686897596,0,0
9,2,0,-8418.0,163.78619109670163,0.9999535924283441,0,0
9,2,0,-8408.0,234.89824389117408,0.9999270235137847,0,0
9,2,0,-8398.0,307.8088079614089,1.0000310028263342,0,0
9,2,1,-5665.0,300.0179276935107,0.9999940345352796,0,0
9,2,1,-5655.0,225.42739857452472,0.9999828098969084,0,0
9,2,1,-5645.0,151.26952317723746,1.0000538973381348,0,0
9,2,1,-5635.0,78.86428175576475,0.9999853967100696,0,0
9,2,1,-5625.0,28.933551216324762,0.9999141834237436,0,0
9,2,1,-5615.0,82.0846004215063,1.0000578121758736,0,0
9,2,1,-5605.0,154.65710817262715,0.9999870599068446,0,0
9,2,1,-5595.0,228.84795947135078,1.0000109876287615,0,0
9,2,1,-5585.0,303.4491311945051,0.9999308837416252,0,0
9,2,2,-2852.5,303.10541031053765,1.0001168348017861,0,0
9,2,2,-2842.5,228.94474481826865,1.0000213125052293,0,0
9,2,2,-2832.5,155.48865793358618,0.9999619797271033,0,0
9,2,2,-2822.5,84.6758330494671,1.000044172206364,0,0
9,2,2,-2812.5,37.469531884361956,0.999938916895984,0,0
9,2,2,-2802.5,82.95477224923609,1.000007139282932,0,0
9,2,2,-2792.5,153.62246278226178,1.0000607427950092,0,0
9,2,2,-2782.5,227.04792829919174,1.000127185674819,0,0
9,2,2,-2772.5,301.1981276583247,0.9999934527635701,0,0
9,2,3,-39.5,301.3383768930176,1.0000372349871554,0,0
9,2,3,-29.5,226.3001200945971,0.99992926469722,0,0
9,2,3,-19.5,151.2492648079203,1.0000914099852622,0,0
9,2,3,-9.5,76.2414193718982,0.9999478366443818,0,0
9,2,3,0.5,5.432028161531455,-0.6833838291371941,1,1
9,2,3,10.5,74.36051895739097,1.000075737199776,0,0
9,2,3,20.5,149.36514740085497,0.9999587810435854,0,0
9,2,3,30.5,224.41592884035148,0.9999864780895358,0,0
9,2,3,40.5,299.454778462611,1.0000225726532874,0,0
9,2,4,2773.5,299.9727084205604,0.9999602949485719,0,0
9,2,4,2783.5,225.14700270563097,1.0000034296726852,0,0
9,2,4,2793.5,150.3909039077634,1.0001100689126876,0,0
9,2,4,2803.5,76.00214146093589,1.0000128905785404,0,0
9,2,4,2813.5,13.275690020288014,0.7203215752971742,0,0
9,2,4,2823.5,76.2886753722077,0.9999459389332459,0,0
9,2,4,2833.5,150.68071255267944,1.000061822954541,0,0
9,2,4,2843.5,225.43735951607212,0.9999026865005054,0,0
9,2,4,2853.5,300.26317422098174,1.0000700125207775,0,0
9,2,5,5586.5,300.85853777445084,1.0000499027046323,0,0
9,2,5,5596.5,226.0330074524249,0.999955379567576,0,0
9,2,5,5606.5,151.4066352236033,1.0000379478693204,0,0
9,2,5,5616.5,77.64710250037655,0.9999100054512712,0,0
9,2,5,5626.5,20.363405476724715,1.0000622637301175,0,0
9,2,5,5636.5,77.99718771106576,1.0000298014986657,0,0
9,2,5,5646.5,151.76601067639842,0.9999225042344827,0,0
9,2,5,5656.5,226.39409854530538,1.0000196088579614,0,0
9,2,5,5666.5,301.2201313695357,1.0000169778103072,0,0
9,2,6,8399.5,298.76530232432253,0.999996287040456,0,0
9,2,6,8409.5,223.91623342245833,0.9999068541980117,0,0
9,2,6,8419.5,149.1155539692337,0.9999809652815468,0,0
9,2,6,8429.5,74.60211081324452,0.999975103464099,0,0
9,2,6,8439.5,11.697933572010182,0.3998432683636319,0,0
9,2,6,8449.5,77.15080736561396,0.9999600140523759,0,0
9,2,6,8459.5,151.68653320747964,1.0000071360864886,0,0
9,2,6,8469.5,226.49071214243716,0.9999948778961094,0,0
9,2,6,8479.5,301.34019232510354,1.0000752763909864,0,0
10,2,0,-8478.0,304.45078627900216,0.9999636693644635,0,0
10,2,0,-8468.0,231.59079865145944,1.0000188227923483,0,0
10,2,0,-8458.0,160.61412076992457,0.9999632002165008,0,0
10,2,0,-8448.0,95.87440352520082,0.999936486966211,0,0
10,2,0,-8438.0,61.8672900099473,0.9999922575762394,0,0
10,2,0,-8428.0,98.5217761206196,0.9999611947189015,0,0
10,2,0,-8418.0,163.78619109670163,1.000004166340148,0,0
10,2,0,-8408.0,234.89824389117408,1.0000207018150322,0,0
10,2,0,-8398.0,307.8088079614089,1.0000236775093105,0,0
10,2,1,-5665.0,300.0179276935107,1.0000289343347935,0,0
10,2,1,-5655.0,225.42739857452472,1.000020852560403,0,0
10,2,1,-5645.0,151.26952317723746,1.000024041464631,0,0
10,2,1,-5635.0,78.86428175576475,0.9999509588254248,0,0
10,2,1,-5625.0,28.933551216324762,1.0000146913972778,0,0
10,2,1,-5615.0,82.0846004215063,1.0000008603580468,0,0
10,2,1,-5605.0,154.65710817262715,1.0000398833392927,0,0
10,2,1,-5595.0,228.84795947135078,1.0000248584050113,0,0
10,2,1,-5585.0,303.4491311945051,1.0000190845505013,0,0
10,2,2,-2852.5,303.10541031053765,1.0000897291221424,0,0
10,2,2,-2842.5,228.94474481826865,1.0000440786447098,0,0
10,2,2,-2832.5,155.48865793358618,0.9999748973522924,0,0
10,2,2,-2822.5,84.6758330494671,0.9999784196381974,0,0
10,2,2,-2812.5,37.469531884361956,0.9999499914316392,0,0
10,2,2,-2802.5,82.95477224923609,0.9999332018366264,0,0
10,2,2,-2792.5,153.62246278226178,1.0000718955219534,0,0
10,2,2,-2782.5,227.04792829919174,0.9999954267090312,0,0
10,2,2,-2772.5,301.1981276583247,0.9999851422337187,0,0
10,2,3,-39.5,301.3383768930176,1.000031442522049,0,0
10,2,3,-29.5,226.3001200945971,0.9999812091134032,0,0
10,2,3,-19.5,151.2492648079203,0.9999984600465966,0,0
10,2,3,-9.5,76.2414193718982,0.9999816747008239,0,0
10,2,3,0.5,5.432028161531455,-0.9990150314133956,1,1
10,2,3,10.5,74.36051895739097,1.000048421060653,0,0
10,2,3,20.5,149.36514740085497,0.9999682042277862,0,0
10,2,3,30.5,224.41592884035148,1.000022787542834,0,0
10,2,3,40.5,299.454778462611,1.000009470558575,0,0
10,2,4,2773.5,299.9727084205604,1.000010446120368,0,0
10,2,4,2783.5,225.14700270563097,1.00000266351284,0,0
10,2,4,2793.5,150.3909039077634,1.0000364113465454,0,0
10,2,4,2803.5,76.00214146093589,0.9999600583718351,0,0
10,2,4,2813.5,13.275690020288014,0.9995790311565912,0,0
10,2,4,2823.5,76.2886753722077,0.9999997923615789,0,0
10,2,4,2833.5,150.68071255267944,0.9999899072192134,0,0
10,2,4,2843.5,225.43735951607212,1.000001555684117,0,0
10,2,4,2853.5,300.26317422098174,0.999974561023928,0,0
10,2,5,5586.5,300.85853777445084,0.999959034954162,0,0
10,2,5,5596.5,226.0330074524249,1.000057149443604,0,0
10,2,5,5606.5,151.4066352236033,1.0000236960708067,0,0
10,2,5,5616.5,77.64710250037655,1.000016746810621,0,0
10,2,5,5626.5,20.363405476724715,1.0000344365795741,0,0
10,2,5,5636.5,77.99718771106576,0.9999896602423732,0,0
10,2,5,5646.5,151.76601067639842,0.9999686662678154,0,0
10,2,5,5656.5,226.39409854530538,1.000029994115506,0,0
10,2,5,5666.5,301.2201313695357,1.0000050773964428,0,0
10,2,6,8399.5,298.76530232432253,1.0000370358383766,0,0
10,2,6,8409.5,223.91623342245833,1.0000202631613992,0,0
10,2,6,8419.5,149.1155539692337,0.9999593087748908,0,0
10,2,6,8429.5,74.60211081324452,1.0000032816962448,0,0
10,2,6,8439.5,11.697933572010182,0.9205819118100387,0,0
10,2,6,8449.5,77.15080736561396,1.0000027559886722,0,0
10,2,6,8459.5,151.68653320747964,1.0000030622011324,0,0
10,2,6,8469.5,226.49071214243716,1.0000232450829811,0,0
10,2,6,8479.5,301.34019232510354,1.0000564553802247,0,0
11,3,0,-8478.0,304.45078627900216,0.9999999767798136,0,0
11,3,0,-8468.0,231.59079865145944,0.9999999878779048,0,0
11,3,0,-8458.0,160.61412076992457,0.999999993819485,0,0
11,3,0,-8448.0,95.87440352520082,1.0000000226388701,0,0
11,3,0,-8438.0,61.8672900099473,1.000000038306712,0,0
11,3,0,-8428.0,98.5217761206196,1.000000016152648,0,0
11,3,0,-8418.0,163.78619109670163,1.0000000431646283,0,0
11,3,0,-8408.0,234.89824389117408,0.9999999556360002,0,0
11,3,0,-8398.0,307.8088079614089,1.0000000199827914,0,0
11,3,1,-5665.0,300.0179276935107,1.0000000694234448,0,0
11,3,1,-5655.0,225.42739857452472,0.9999999460689546,0,0
11,3,1,-5645.0,151.26952317723746,1.000000014673701,0,0
11,3,1,-5635.0,78.86428175576475,1.0000000237356812,0,0
11,3,1,-5625.0,28.933551216324762,1.0000000226468349,0,0
11,3,1,-5615.0,82.0846004215063,1.000000005083642,0,0
11,3,1,-5605.0,154.65710817262715,1.0000000248404843,0,0
11,3,1,-5595.0,228.84795947135078,1.0000000346302258,0,0
11,3,1,-5585.0,303.4491311945051,0.9999999828401791,0,0
11,3,2,-2852.5,303.10541031053765,0.9999999929246419,0,0
11,3,2,-2842.5,228.94474481826865,1.0000000182384299,0,0
11,3,2,-2832.5,155.48865793358618,1.0000000857651363,0,0
11,3,2,-2822.5,84.6758330494671,1.0000000849863127,0,0
11,3,2,-2812.5,37.469531884361956,0.999999972657282,0,0
11,3,2,-2802.5,82.95477224923609,0.9999999341371363,0,0
11,3,2,-2792.5,153.62246278226178,0.9999999986745047,0,0
11,3,2,-2782.5,227.04792829919174,1.0000000377810745,0,0
11,3,2,-2772.5,301.1981276583247,0.9999999766251673,0,0
11,3,3,-39.5,301.3383768930176,1.0000000025312203,0,0
11,3,3,-29.5,226.3001200945971,0.9999999916378801,0,0
11,3,3,-19.5,151.2492648079203,1.0000000226818475,0,0
11,3,3,-9.5,76.2414193718982,0.9999999557585675,0,0
11,3,3,0.5,5.432028161531455,-0.999999999417194,1,1
11,3,3,10.5,74.36051895739097,0.9999999757091862,0,0
11,3,3,20.5,149.36514740085497,1.000000042969724,0,0
11,3,3,30.5,224.41592884035148,0.9999999994221211,0,0
11,3,3,40.5,299.454778462611,1.0000000870273944,0,0
11,3,4,2773.5,299.9727084205604,1.0000000664674733,0,0
11,3,4,2783.5,225.14700270563097,1.0000000290284237,0,0
11,3,4,2793.5,150.3909039077634,1.0000000573032057,0,0
11,3,4,2803.5,76.00214146093589,1.0000000210781288,0,0
11,3,4,2813.5,13.275690020288014,1.0000000219789889,0,0
11,3,4,2823.5,76.2886753722077,0.9999999562619473,0,0
11,3,4,2833.5,150.68071255267944,1.000000138914634,0,0
11,3,4,2843.5,225.43735951607212,0.9999999870431441,0,0
11,3,4,2853.5,300.26317422098174,1.0000000054653688,0,0
11,3,5,5586.5,300.85853777445084,0.9999999405834025,0,0
11,3,5,5596.5,226.0330074524249,0.9999999994666854,0,0
11,3,5,5606.5,151.4066352236033,0.9999999682443846,0,0
11,3,5,5616.5,77.64710250037655,0.9999999912739451,0,0
11,3,5,5626.5,20.363405476724715,1.000000011854857,0,0
11,3,5,5636.5,77.99718771106576,0.9999999279134006,0,0
11,3,5,5646.5,151.76601067639842,0.99999999014126,0,0
11,3,5,5656.5,226.39409854530538,0.9999999956723982,0,0
11,3,5,5666.5,301.2201313695357,1.0000000895784469,0,0
11,3,6,8399.5,298.76530232432253,0.9999999487195698,0,0
11,3,6,8409.5,223.91623342245833,0.9999999273451526,0,0
11,3,6,8419.5,149.1155539692337,0.9999999996666322,0,0
11,3,6,8429.5,74.60211081324452,0.9999999935134866,0,0
11,3,6,8439.5,11.697933572010182,0.9999999350120063,0,0
11,3,6,8449.5,77.15080736561396,0.9999999646846595,0,0
11,3,6,8459.5,151.68653320747964,0.9999999742903689,0,0
11,3,6,8469.5,226.49071214243716,1.000000039860534,0,0
11,3,6,8479.5,301.34019232510354,1.000000055368744,0,0
