t_offset_s,x_km,y_km,z_km,vx_kms,vy_kms,vz_kms
-8760.0,5446.420760644681,-1529.1210424211383,-3854.1060248706094,-1.347072398630341,6.1272997119826345,-4.340391424357055
-8700.0,5353.489412501816,-1158.3417540603805,-4105.700306846941,-1.749467183323858,6.227432860519441,-4.042978171685649
-8640.0,5236.644523361179,-782.3881707917434,-4338.903048896824,-2.1438972091914597,6.299716120412794,-3.7275694510253703
-8580.0,5096.416661998312,-402.94093223183506,-4552.676765573063,-2.5286135627761777,6.34384843539241,-3.395585723836024
-8520.0,4933.439970048013,-21.69500191294413,-4746.071339221249,-2.901913899610482,6.359653475587185,-3.0485176786418986
-8460.0,4748.449155098955,359.6478204601224,-4918.228030427439,-3.2621494857986297,6.347079694197632,-2.6879194238234665
-8400.0,4542.2760711204455,739.3863751181468,-5068.383075494902,-3.607731911278417,6.306199884756987,-2.315401536026417
-8340.0,4315.8459061585845,1115.827577521916,-5195.870863261409,-3.9371394672530964,6.237210265359404,-1.9326239961055192
-8280.0,4070.172997568206,1487.2937852141706,-5300.126685348379,-4.248923184291545,6.140429115473015,-1.5412890399268908
-8220.0,3806.3562951519752,1852.1300700990887,-5380.689055444874,-4.541712530715118,6.016294989270199,-1.1431339467584423
-8160.0,3525.5744925371864,2208.711371373833,-5437.201594461729,-4.814220773009935,5.865364526945037,-0.7399237836330541
-8100.0,3229.0808469681115,2555.4495055503444,-5469.414479379221,-5.065250001130164,5.688309882414634,-0.3334441201214024
-8040.0,2918.1977075412215,2890.800010975008,-5477.185454370608,-5.293695821643889,5.485915782338349,0.07450627534549037
-7980.0,2594.3107716735144,3213.268805136223,-5460.480403373298,-5.4985517208988295,5.259076227660088,0.4821227491689602
-7920.0,2258.8630896699337,3521.4186334446185,-5419.373483718196,-5.6789130985605105,5.008790845310702,0.8876020793894595
-7860.0,1913.3488371092392,3813.875288742064,-5354.046820811209,-5.833980969591419,4.7361608941498865,1.2891497897773418
-7800.0,1559.3068751681617,4089.333580755512,-5264.789764210373,-5.963065329592565,4.442384926346657,1.6849874549813226
-7740.0,1198.3141192470669,4346.563034868658,-5151.997705822329,-6.065588175123587,4.1287541028918415,2.073359989604861
-7680.0,831.9787370207973,4584.413299329462,-5016.170461446832,-6.141086166941351,3.7966471604250707,2.452542911895456
-7620.0,461.9331977697602,4801.819239905134,-4857.910217516582,-6.1892129205611415,3.4475250257588024,2.82084957002169
-7560.0,89.82719594016159,4997.805700739163,-4677.919045716458,-6.20974090515584,3.082925074784535,3.176638315327474
-7500.0,-282.6795269018143,5171.491910011646,-4476.995989223044,-6.202562928879064,2.7044550337291238,3.518319602909052
-7440.0,-653.9244361678354,5322.095508945009,-4256.033725622692,-6.167693186374688,2.3137865230594348,3.844362995441486
-7380.0,-1022.2495073415595,5448.9361828091505,-4016.0148131549913,-6.105267842692627,1.9126482476571818,4.15330404160959
-7320.0,-1386.0085494484788,5551.438872920023,-3758.007528791805,-6.015545127204134,1.502818841121649,4.443750995980921
-7260.0,-1743.5745187101463,5629.1365492439745,-3483.1613087883443,-5.898904911501862,1.0861193770854007,4.7143913429083595
-7200.0,-2093.3467906782976,5681.672524160846,-3192.7018047096303,-5.755847746743015,0.6644055660891691,4.963998083272868
-7140.0,-2433.758357752853,5708.8022892334475,-2887.925570507105,-5.5869933384703945,0.239559662672262,5.191435739765867
-7080.0,-2763.282917783881,5710.39485850102,-2570.194398951093,-5.393078440604302,-0.1865178863155432,5.395666034135387
-7020.0,-3080.441818502187,5686.433603866113,-2240.929328559609,-5.174954154975262,-0.6119170148069025,5.5757531885231675
-6960.0,-3383.8108218752195,5637.016570573062,-1901.604345041223,-4.933582628358465,-1.034726788485248,5.730868802808888
-6900.0,-3672.026652192959,5562.356263560893,-1553.7398041221716,-4.670033145335681,-1.4530442843803872,5.860296260821973
-6840.0,-3943.7932917942007,5462.778898582229,-1198.8956053861943,-4.385477622275572,-1.8649835447763004,5.963434620408528
-6780.0,-4197.887988876833,5338.723115366519,-838.6641493502805,-4.081185515090757,-2.2686845468956265,6.039801945635793
-6720.0,-4433.166942814094,5190.7381537155115,-474.6631123634502,-3.758518160982585,-2.6623221266180503,6.089038043820587
-6660.0,-4648.570633827174,5019.481497186311,-108.52807598659955,-3.4189225818950773,-3.0441147924285046,6.11090657548263
-6600.0,-4843.1287657343655,4825.715992871072,258.0949507663527,-3.0639247846393523,-3.412333364969392,6.105296511612362
-6540.0,-5015.964792786463,4610.306459647614,623.5570766183139,-2.6951225993965635,-3.7653093780379363,6.072222919635733
-6480.0,-5166.300004272201,4374.21580107347,986.2141000464056,-2.314178104355021,-4.101443178630959,6.011827066961973
-6420.0,-5293.457143589794,4118.50064275426,1344.434067080127,-1.9228096894050715,-4.419211666649448,5.924375838798492
-6360.0,-5396.863541777321,3844.3065174566186,1696.6047738638028,-1.5227838159425446,-4.7171756190577705,5.8102604747852284
-6300.0,-5476.053749004204,3552.862624403713,2041.1411734494714,-1.1159065328226205,-4.993986548500933,5.669994636713033
-6240.0,-5530.67165118864,3245.476192009809,2376.4926472362404,-0.7040148102557533,-5.248393052481999,5.504211826920941
-6180.0,-5560.472062634785,2923.5264757588134,2701.1501028257817,-0.28896775395528035,-5.479246615963472,5.313662183717064
-6120.0,-5565.321789315646,2588.4584249452896,3013.6528618209118,0.12736223889501339,-5.685506837499117,5.099208686142548
-6060.0,-5545.200161080036,2241.77605358652,3312.5953031668128,0.5430983221796033,-5.86624605646278,4.861822805458191
-6000.0,-5500.19903457364,1885.0355519375753,3596.63323000375,0.9563679852142164,-6.020653366414105,4.602579644744044
-5940.0,-5430.522271968297,1519.8381757416278,3864.4899305640306,1.3653117261504117,-6.148038006868153,4.322652610906909
-5880.0,-5336.484703640625,1147.822950604953,4114.961906374134,1.768091566321984,-6.247832132525752,4.0233076651321635
-5820.0,-5218.510585689896,770.659228773142,4346.924243810254,2.1628993626513493,-6.319592965155805,3.705897198432524
-5760.0,-5077.131565603637,390.03913510263715,4559.33560786887,2.547964880821387,-6.363004338655491,3.3718535784630235
-5700.0,-4912.9841714594895,7.669938264818834,4751.242839757141,2.9215635976025798,-6.377877652203442,3.0226824123175864
-5640.0,-4726.806841781258,-374.7336177964284,4921.785142554094,3.282024206333167,-6.364152249792838,2.659955567698011
-5580.0,-4519.436514571606,-755.4569883012992,5070.197841666441,3.627735804823386,-6.321895246732523,2.2853039918529374
-5520.0,-4291.804795131138,-1132.7934754132693,5195.815709089859,3.9571547497486947,-6.25130082494768,1.9004103641743866
-5460.0,-4044.9337230986375,-1505.0518181345703,5298.075842539243,4.268811165702838,-6.152689019143176,1.5070016145585434
-5400.0,-3779.9311597331202,-1870.5636944268094,5376.5200923373095,4.5613151004143395,-6.026504015206731,1.1068413357570708
-5340.0,-3497.985816880514,-2227.691106913421,5430.797030532265,4.83336232005877,-5.873311980761474,0.7017221142193137
-5280.0,-3200.361949360109,-2574.8336246781155,5460.663458081261,5.083739740115388,-5.69379844568902,0.2934578005133288
-5220.0,-2888.3937327247263,-2910.435454696292,5465.985447101021,5.311330487805863,-5.488765247918568,-0.11612426249948729
-5160.0,-2563.4793486398016,-3232.992317211835,5446.738916189313,5.515118591798954,-5.259127057083582,-0.5251910377101997
-5100.0,-2227.074800267125,-3541.05810019582,5403.009737717029,5.694193293866342,-5.0059074858255785,-0.9319116036374205
-5040.0,-1880.6874805810185,-3833.2512683396294,5334.9933768075325,5.847752975265695,-4.730234796110487,-1.3344649621094962
-4980.0,-1525.8695168506513,-4108.261002595644,5242.994062531591,5.975108688469694,-4.433337205681606,-1.7310478296928884
-4920.0,-1164.2109153467652,-4364.853046356396,5127.423492719824,6.075687282138764,-4.116537798381278,-2.119882397432595
-4860.0,-797.3325309760924,-4601.875234690754,4988.799074726913,6.149034104580721,-3.781249041170654,-2.499224041705485
-4800.0,-426.878887646671,-4818.262683102014,4827.741705602664,6.194815268224253,-3.4289669108573193,-2.8673689661636965
-4740.0,-54.510876239587795,-5013.042612511088,4644.973096401502,6.212819455299587,-3.06126463451799,-3.2226617515592473
-4680.0,318.10164165710995,-5185.338787429202,4441.312646867726,6.202959243040371,-2.679786049609222,-3.5635027865525295
-4620.0,689.287294742308,-5334.3755447127005,4217.673878470636,6.1652719255227915,-2.286238592702266,-3.8883555487238124
-4560.0,1057.3806968104127,-5459.481390926695,3975.060435741629,6.0999198088827855,-1.882385929611532,-4.1957537011111175
-4500.0,1420.7299430645214,-5560.09214723618,3714.5616680769585,6.007189957218551,-1.4700402443037146,-4.484307965905158
-4440.0,1777.7040742951588,-5635.753621938275,3437.347806594332,5.887493368072036,-1.0510542092281876,-4.752712733655871
-4380.0,2126.700474086422,-5686.123792278937,3144.664753235724,5.741363559024249,-0.6273126654205938,-4.9997523636834265
-4320.0,2466.1521632062468,-5710.974479084179,2837.8285020486223,5.5694545506246795,-0.20072404669432653,-5.224307129518424
-4260.0,2794.534954586828,-5710.192499986459,2518.2192153988008,5.372538235549484,0.22678841177392067,-5.425358762271043
-4200.0,3110.3744318627046,-5683.780289635755,2187.274980707702,5.151501129447075,0.6532956343710882,-5.60199554496228
-4140.0,3412.2527143539837,-5631.855978230818,1846.4852761005798,4.907340505245458,1.0768717840380317,-5.753416912115421
-4080.0,3698.8149717026176,-5554.652922955567,1497.384176026862,4.641159919590287,1.4956034031716088,-5.8789375113346996
-4020.0,3968.7756521162314,-5452.518690411434,1141.5433304035885,4.354164147356479,1.9075985564340123,-5.977990687175335
-3960.0,4220.924389363274,-5325.913491841189,780.5647530690987,4.047653547610674,2.3109959126324093,-6.050131352276491
-3900.0,4454.131555297197,-5175.408076776733,416.07345725591836,3.7230178917661627,2.703973701154692,-6.0950382163844115
-3840.0,4667.353426752884,-5001.681094639676,49.70997734652215,3.381729691736579,3.0847584780167563,-6.112515350397057
-3780.0,4859.636938132956,-4805.515937701588,-316.87718268327245,3.0253370724332984,3.451633637444754,-6.102493069740852
-3720.0,5030.123993842377,-4587.797082594936,-682.0391330282604,2.6554562387628278,3.802947607077125,-6.065028129045056
-3660.0,5178.055317895535,-4349.50595117392,-1044.134172693661,2.2737635921698574,4.137121668293519,-6.0003032279915125
-3600.0,5302.773821438442,-4091.716314896308,-1401.535313911619,1.8819875556103411,4.4526573477472065,-5.90862583615918
-3540.0,5403.727472550283,-3815.589269950383,-1752.6377159531428,1.48190016848162,4.748143331794966,-5.790426352422784
-3480.0,5480.471656420968,-3522.367813052764,-2095.865989099113,1.075308514451919,5.02226186197643,-5.646255621783987
-3420.0,5532.671017788512,-3213.371050121824,-2429.6813311172464,0.6640460452483189,5.2737945768357415,-5.4767818391990755
-3360.0,5560.100781269012,-2889.988071884416,-2752.5884605278816,0.24996386234516896,5.5016277729438094,-5.2827868758454235
-3300.0,5562.647548863564,-2553.671531851714,-3063.1423132197674,-0.16507798383987574,5.704757065771882,-5.065162068174895
-3240.0,5540.309577401159,-2205.9309630299813,-3359.9544714967988,-0.5792191210364698,5.8822914388164635,-4.82490351393428
-3180.0,5493.196541921033,-1848.325870189594,-3641.699297371041,-0.9906073566660578,6.033456676879112,-4.563106921995971
-3120.0,5421.528793955571,-1482.4586345581124,-3907.1197447589807,-1.397407007131724,6.157598186415308,-4.280962064322978
-3060.0,5325.63612630662,-1109.9672674284595,-4155.03282815244,-1.7978070138689308,6.2541832122115935,-3.9797468786769836
-3000.0,5205.956058186679,-732.5180484644022,-4384.334728219752,-2.1900288112353103,6.322802465138782,-3.6608212698443925
-2940.0,5063.0316565028315,-351.7980834577324,-4594.005517613721,-2.5723339175411772,6.363171180245769,-3.3256206552677727
-2880.0,4897.508910600182,30.4921849540092,-4783.113492931487,-2.943031226638018,6.375129627893485,-2.97564929818794
-2820.0,4710.133678955363,412.6464815394104,-4950.819101265663,-3.300483983320142,6.358643102942288,-2.612473467853372
-2760.0,4501.748227155158,792.9601871484025,-5096.378452039204,-3.6431164311133144,6.313801418181945,-2.2377144622579106
-2700.0,4273.287377031043,1169.7377828482506,-5219.146406823795,-3.9694201256930826,6.240817928273791,-1.853041524391204
-2640.0,4025.774287109982,1541.300222095761,-5318.57924156486,-4.277959911010155,6.1400281095347555,-1.4601646783793683
-2580.0,3760.3158846178644,1905.992204997322,-5394.236877090955,-4.567379558133527,6.011887719051174,-1.0608275073303497
-2520.0,3478.0979692107535,2262.18933003719,-5445.7846749657465,-4.836407068753398,5.856970554017454,-0.6567998904196369
-2460.0,3180.380008458212,2608.305099819495,-5472.9947966778,-5.083859646212817,5.675965829029873,-0.2498707129255636
-2400.0,2868.4896449394346,2942.797758320759,-5475.74712488618,-5.308648336859322,5.469675185534435,0.1581594402590919
-2340.0,2543.816934628017,3264.176937943399,-5454.029745992036,-5.5097823435350675,5.23900934389994,0.5654855995992651
-2280.0,2207.8083362863804,3571.0100950764363,-5407.938993732281,-5.686373011105166,4.984984405006684,0.9703057277583735
-2220.0,1861.9604715310936,3861.9287133338403,-5337.679053857365,-5.837637481477326,4.708717804773218,1.3708280324924227
-2160.0,1507.8136756480571,4135.634253594202,-5243.561130317535,-5.962902012364587,4.411423922250399,1.7652782692211604
-2100.0,1146.9453594971048,4390.903830107142,-5126.002173766034,-6.0616049506968945,4.094409339510548,2.1519070258309574
-2040.0,780.9632036999457,4626.595591612379,-4985.523173730812,-6.1332993478834155,3.759067750245239,2.528996979844622
-1980.0,411.4982070354178,4841.65378633619,-4822.747016452078,-6.177655200643294,3.4068745133273026,2.8948701152814857
-1920.0,40.19761212165376,5035.11348945246,-4638.395911269082,-6.194461297792492,3.039380848104204,3.247894882795781
-1860.0,-331.28226729168466,5206.104971458243,-4433.288389545921,-6.183626650551355,2.6582076696659995,3.586493282557159
-1800.0,-701.2832916808549,5353.85768587624,-4208.335881498748,-6.145181481747357,2.2650390648587244,3.9091478448686323
-1740.0,-1068.1527864951947,5477.703854842971,-3964.5388779318946,-6.079277747904093,1.8616154133255296,4.214408478939639
-1680.0,-1430.2508494611018,5577.081631525843,-3702.982685808743,-5.9861891677594095,1.4497261622646214,4.500899155752299
-1620.0,-1785.9576440421608,5651.537818985682,-3424.832788761386,-5.8663107313377285,1.0312022687673164,4.767324386789366
-1560.0,-2133.680647156007,5700.730126104059,-3131.329826054845,-5.720157665370065,0.607908329377525,5.012475456737227
-1500.0,-2471.861817883104,5724.428942558073,-2823.78420612997,-5.548363833623603,0.1817344227052778,5.235236365324398
-1440.0,-2798.9846527352433,5722.518616566997,-2503.570373605901,-5.351679554542519,-0.24541230268056424,5.4345894313710446
-1380.0,-3113.581092143989,5694.998221260751,-2172.120751471755,-5.130968823441804,-0.6716162564871809,5.609620511043165
-1320.0,-3414.2382422367327,5641.981798020545,-1830.919383074742,-4.887205932225873,-1.0949622063519542,5.75952378232684
-1260.0,-3699.6048757398817,5563.698067995336,-1481.495301350826,-4.621471486076423,-1.5135441985714617,5.883606048923803
-1200.0,-3968.397676022988,5460.489606168212,-1125.4156554742606,-4.334947823592653,-1.9254745446151085,5.981290519139104
-1140.0,-4219.407188903082,5332.811475787718,-764.278627654933,-4.0289138542683895,-2.328892814068778,6.0521200188598865
-1080.0,-4451.5034478797725,5181.229324631668,-399.7061751208458,-3.7047393347372743,-2.7219747716322606,6.095759602345019
-1020.0,-4663.641239970619,5006.416948371192,-33.33663432840853,-3.3638786126822153,-3.102941193939444,6.11199853015109
-960.0,-4854.864981256789,4809.153330173205,333.18277391680977,-3.007863874454342,-3.4700665013773535,6.100751589968443
-900.0,-5024.313173595112,4590.319169553097,698.2034984970552,-2.638297939076867,-3.82168714077019,6.062059743254594
-840.0,-5171.222416685804,4350.892917275605,1060.0832304498763,-2.256846647192563,-4.156209656795097,5.996090088134481
-780.0,-5294.930952736726,4091.9463367404337,1417.1934527849648,-1.8652308985031614,-4.4721183932212725,5.903135136867742
-720.0,-5394.881724294909,3814.6396156945893,1767.9269266957447,-1.465218395171973,-4.767982769450882,5.783611414037996
-660.0,-5470.624929346614,3520.21605523113,2110.7050737929812,-1.0586151514285913,-5.0424640832327725,5.638057389269975
-600.0,-5521.820061453241,3209.996365802712,2443.985215018513,-0.6472568311505734,-5.294321796658863,5.467130765508464
-540.0,-5548.237426415113,2885.37260235568,2766.2676283424566,-0.2329999754845187,-5.52241926943512,5.271605150496581
-480.0,-5549.759130665061,2547.8017726428247,3076.102389168069,0.1822868183702071,-5.725728910725503,5.052366144891057
-420.0,-5526.3795402156875,2198.7991542815253,3372.095959512324,0.596731708188101,-5.9033367283650096,4.810406885302886
-360.0,-5478.2052124515585,1839.9313571835519,3652.9174944392803,1.0084683516714914,-6.054446261691539,4.546823084343149
-300.0,-5405.45430631005,1472.8091686018315,3917.3048368318314,1.4156445334929086,-6.178381891426311,4.262807612417787
-240.0,-5308.455479382177,1099.0802182395025,4164.070174328112,1.8164306273537414,-6.274591526724592,3.959644667526872
-180.0,-5187.646283148237,720.4215006821325,4392.105335051918,2.2090278512740853,-6.342648675532503,3.6387035797045155
-120.0,-5043.571069916764,338.53179188960013,4600.386701565609,2.5916762799194695,-6.3822539095622695,3.3014322960483025
-60.0,-4876.8784270459,-44.87600432634374,4787.9797252059225,2.962662583440974,-6.393235739416958,2.949350590637898
0.0,-4688.318155695038,-428.0825449508496,4954.043025573503,3.320327467838068,-6.375550918577123,2.5840430411710043
60.0,-4478.737812695799,-809.3697378526209,5097.832062387703,3.663072797037895,-6.329284197073134,2.207151811024553
120.0,-4249.07883517105,-1187.0284009196282,5218.702369155732,3.9893683815383776,-6.254647546720715,1.8203692718713589
180.0,-4000.37226830705,-1559.365859188515,5316.112340114641,4.297758422424358,-6.151978879853125,1.4254304981584016
240.0,-3733.7341172417464,-1924.7134502247352,5389.625563677327,4.586867602717939,-6.021740282641835,1.0241056608929677
300.0,-3450.360344425745,-2281.433909247609,5438.912697151652,4.855406820282503,-5.864515782498915,0.6181923444987304
360.0,-3151.521534098022,-2627.928606615157,5463.752878821741,5.102178557827884,-5.6810086668702855,0.20950780719098833
420.0,-2838.5572457396847,-2962.6446112717026,5464.034674610506,5.326081885980254,-5.472038368145763,-0.20011879746592412
480.0,-2512.870078647554,-3284.081554525179,5439.756557517943,5.526117094886062,-5.238536926682871,-0.60885422218323
540.0,-2175.919469975456,-3590.798269255802,5391.026918904153,5.701389948647508,-4.98154504116687,-1.0148689365199353
600.0,-1829.2152491059621,-3881.4191800019844,5318.063611502708,5.851115554917539,-4.702207713142911,-1.4163449324300168
660.0,-1474.3109715768067,-4154.640419866729,5221.193024857053,5.974621839724005,-4.401769490419809,-1.811483510555011
720.0,-1112.7970566709969,-4409.2356502280945,5100.848694774842,6.071352614833884,-4.081569312805932,-2.1985130314605676
780.0,-746.2937534033335,-4644.061559597882,4957.56944933925,6.140870222339523,-3.743034962841839,-2.5756966141596167
840.0,-376.44396082121,-4858.063017971533,4791.997095183198,6.182857738451818,-3.38767712458993,-2.9413397612500654
900.0,-4.905929614253203,-5050.277863280684,4604.873649045973,6.197120716241905,-3.017083054683565,-3.29379788674046
960.0,366.6541266613987,-5219.841296833754,4397.038121185572,6.183588445302773,-2.632909872038421,-3.631483718878973
1020.0,736.5694810682697,-5365.989865089537,4169.4228590064085,6.142314705245008,-2.236877475755061,-3.9528745463986086
1080.0,1103.1803723962507,-5488.065005784237,3923.0494612888047,6.073477989729431,-1.8307611047450045,-4.2565192727197445
1140.0,1464.8414814156633,-5585.516137375891,3659.024275664261,5.977381178484343,-1.4163835573779509,-4.5410452390265945
1200.0,1819.9293704811307,-5657.903272024238,3378.533494444907,5.854450636528212,-0.9956070948208348,-4.805164773968169
1260.0,2166.8498515197166,-5704.899133919701,3082.8378665517844,5.705234722645438,-0.5703250575349974,-5.047681425221245
1320.0,2504.0452464682226,-5726.290766731031,2773.2670460477825,5.5304016930254605,-0.14245323040632618,-5.267495826466992
1380.0,2830.0015035215615,-5721.980616262646,2451.213600611078,5.330736990809954,0.2860790020227277,-5.463611152616773
1440.0,3143.255132170069,-5691.9870770907655,2118.126706121675,5.107139917993535,0.7133376630010341,-5.635138116482848
1500.0,3442.399919988067,-5636.444494959118,1775.5055563074488,4.860619692544906,1.1373933012063595,-5.781299461593046
1560.0,3726.0933945232337,-5555.602620023234,1424.8925190397913,4.5922909005811245,1.5563301615001406,-5.901433908514892
1620.0,3993.062994454534,-5449.825509588555,1067.866073311549,4.303368360733576,1.968255348031965,-5.994999515861996
1680.0,4242.111915447007,-5319.5898827321835,706.0335631068803,3.995161425269732,2.371307916280907,-6.061576422035315
1740.0,4472.124597835306,-5165.482933062321,341.0238062230212,3.6690677498488533,2.763667829154517,-6.100868939594437
1800.0,4682.0718253987625,-4988.1996097802285,-25.520402422253195,3.3265665707642165,3.143564712061939,-6.112706980811773
1860.0,4871.015407023416,-4788.539381088155,-391.9498524110138,2.9692115349361954,3.5092863429786063,-6.09704680025692
1920.0,5038.112415938588,-4567.402497756254,-756.6165031829945,2.598623133569357,3.859186815915592,-6.053971047984484
1980.0,5182.618964418338,-4325.785778245166,-1117.8810518056612,2.2164807950935805,4.191694319846034,-5.983688134836297
2040.0,5303.893495288319,-4064.7779401090047,-1474.1204421680445,1.824514696632577,4.505318479922372,-5.8865309192880755
2100.0,5401.399575210699,-3785.5545054109807,-1823.735275412207,1.424497355674441,4.7986572136049945,-5.7629547329426565
2160.0,5474.708178458425,-3489.372310518731,-2165.157082659609,1.0182350647982512,5.070403060937473,-5.613534768976972
2220.0,5523.499453661525,-3177.5636528642062,-2496.8554227432114,0.6075592322161983,5.31934895544544,-5.438962864385526
2280.0,5547.563969735952,-2851.5301090255784,-2817.3447696728385,0.19431768955162845,5.544393409780155,-5.240043712551996
2340.0,5546.803440817598,-2512.7360597983684,-3125.1911568885494,-0.21963397424195188,5.744545098039741,-5.017690547376921
2400.0,5521.230933453406,-2162.7019587686023,-3419.018547931911,-0.6324409974949043,5.918926824442624,-4.772920343784305
2460.0,5470.97056248815,-1802.9973812927867,-3697.5149059217515,-1.0422578981386077,6.066778875467726,-4.506848581855075
2520.0,5396.256684980043,-1435.2338907536873,-3959.437937088658,-1.4472567481298615,6.187461759497254,-4.220683623065548
2580.0,5297.432604042006,-1061.057758532406,-4203.620486531359,-1.845635230158868,6.280458344207997,-3.9157207471625552
2640.0,5174.948796712267,-682.1425733643247,-4428.975567239531,-2.235624442909881,6.3453754072914945,-3.5933358971439717
2700.0,5029.360681795406,-300.18177468477575,-4634.501006217136,-2.6154964273332224,6.3819446204155605,-3.25497917773539
2760.0,4861.325945083273,83.11885671881487,-4819.283694181601,-2.9835713924530696,6.390022989581892,-2.9021681497955423
2820.0,4671.601440478483,466.04871888184243,-4982.503427758132,-3.338224624965211,6.369592777143366,-2.5364809594111284
2880.0,4461.039686327506,846.8998893406994,-5123.43633529664,-3.6778930720784015,6.320760931720069,-2.1595493362459988
2940.0,4230.58497676256,1223.9745775612887,-5241.457879385566,-4.001081591556229,6.243758052140204,-1.773051491194334
3000.0,3981.269128097612,1595.5925019005153,-5336.045430808398,-4.306368866586452,6.138936910415948,-1.3787049387653931
3060.0,3714.2068803786324,1960.0981653253791,-5406.780410082877,-4.592412985840649,6.006770556770148,-0.9782592651136067
3120.0,3430.590974107259,2315.8680054188876,-5453.349993853773,-4.857956690833034,5.847850027013325,-0.573488858420743
3180.0,3131.686922003521,2661.3173953262863,-5475.548384299142,-5.101832293422208,5.66288166931565,-0.16618561462875045
3240.0,2818.8274955149727,2994.907473205532,-5473.2776403938715,-5.3229662660443315,5.452684103834394,0.24184837151581146
3300.0,2493.406945625092,3315.151778481278,-5446.54807039703,-5.520383506122847,5.218184824925223,0.6488081224433426
3360.0,2156.8749775541482,3620.6226736075905,-5395.478185339372,-5.693211274068058,4.960416452092758,1.052893094384176
3420.0,1810.7304989567933,3909.9575304241034,-5320.294213642278,-5.840682801694015,4.680512632455654,1.452314488800498
3480.0,1456.515161666218,4181.8646601263845,-5221.3291773760775,-5.962140564622884,4.379703594808171,1.8453025520560165
3540.0,1095.806717302057,4435.128966008517,-5099.0215310532785,-6.0570392088714655,4.059311353059786,2.2301138555324433
3600.0,730.2122080236646,4668.617297740361,-4953.913364440645,-6.124948118084795,3.720744555736505,2.605038545733839
3660.0,361.36101442258877,4881.283485901379,-4786.648171544352,-6.165553604461633,3.3654929777011273,2.9684075510297867
3720.0,-9.10221622590149,5072.173035188849,-4597.968188861787,-6.178660703148166,2.9951216509815373,3.318599727799295
3780.0,-379.52473686572506,5240.427454602456,-4388.711307149853,-6.164194547166378,2.6112646332631755,3.6540489245441026
3840.0,-748.2529367867522,5385.288202893001,-4159.807562388043,-6.12220129789149,2.2156184153275267,3.973250938029773
3900.0,-1113.6396195090767,5506.1002277458565,-3912.275213316065,-6.052848604872032,1.8099349724154148,4.274770330938644
3960.0,-1474.0512933789519,5602.315077601322,-3647.2164148992197,-5.956425568518751,1.396014469068844,4.557247076085181
4020.0,-1827.8754442682796,5673.4935657436245,-3365.8124993030137,-5.833342179962119,0.9756976323211803,4.819402988164705
4080.0,-2173.527758287233,5719.307967357308,-3069.3188784140075,-5.6841282142413005,0.5508578139944841,5.060047900480587
4140.0,-2509.459261081618,5739.543731682448,-2759.0595845870853,-5.509431555946181,0.12339276912945808,5.278085541307645
4200.0,-2834.163339158687,5734.100693214844,-2436.4214690795297,-5.310015940452091,-0.30478381599980353,5.472519062660779
4260.0,-3146.1826078258023,5702.993768096291,-2102.8480804922524,-5.086758098886022,-0.7317510064722741,5.6424561733755105
4320.0,-3444.1155897912163,5646.353124412542,-1759.8332484140788,-4.8406443008265425,-1.1555894660275876,5.787113828664058
4380.0,-3726.623168313109,5564.4238180371,-1408.9144002863209,-4.5727662953138415,-1.5743904176696601,5.905822429739777
4440.0,-3992.4347790256343,5457.564888890806,-1051.6656422053711,-4.284316657851661,-1.9862646613224124,5.998029489712781
4500.0,-4240.354305249432,5326.247915979855,-689.6906368875677,-3.976583558510885,-2.3893515883933127,6.0633027257195575
4560.0,-4469.265642717111,5171.055033269713,-324.61531427245995,-3.6509449737785866,-2.7818281302681043,6.101332542081711
4620.0,-4678.137901215638,4992.676412280706,41.91954782646798,-3.3088623722051826,-3.1619175761210276,6.111933875080847
4680.0,-4866.030212651513,4791.907221180459,408.26583404880347,-2.951873910962351,-3.5278981950529174,6.095047376535918
4740.0,-5032.0961174555005,4569.644074021018,772.7756526631138,-2.581587186918356,-3.8781115985006713,6.050739920596666
4800.0,-5175.587504023377,4326.880987547712,1133.808906751602,-2.199671591567061,-4.210970781083085,5.979204425817417
4860.0,-5295.8580789864745,4064.7048666172204,1489.7408343127252,-1.807850323942084,-4.524967781500192,5.880758992429979
4920.0,-5392.366349462571,3784.2905426332263,1838.9694764083558,-1.4078921193683664,-4.818680909685529,5.755845362565346
4980.0,-5464.678101986764,3486.8953924761845,2179.9230331597755,-1.0016027544498252,-5.090781491980172,5.605026718755267
5040.0,-5512.468366491088,3173.8535681155086,2511.0670685145164,-0.5908163900067678,-5.34004009247756,5.428984843160584
5100.0,-5535.522857417606,2846.569869403923,2830.911526232931,-0.17738681374509677,-5.565332175676021,5.228516666424839
5160.0,-5533.7388877368085,2506.5132944361053,3138.01752143437,0.23682135670459997,-5.7656431829464845,5.004530240667914
5220.0,-5507.125755231342,2155.210303289322,3431.0038742461948,0.6499414520215655,-5.940073002842833,4.7580401757752195
5280.0,-5455.804603827535,1794.2378319493666,3708.553354554625,1.0601134556495246,-6.087839822716006,4.490162581701655
5340.0,-5380.007765956139,1425.2160937734473,3969.4186094971724,1.4654925835874035,-6.208283356211302,4.20210956193774
5400.0,-5280.077594850889,1049.8012059749105,4212.427748095729,1.864257693488107,-6.300867447821813,3.8951833045615367
5460.0,-5156.464798312325,669.6776783703898,4436.489560236888,2.2546194823733874,-6.365182061552964,3.570769817454498
5520.0,-5009.726287751136,286.5508010547943,4640.598349996027,2.6348284378713265,-6.400944665771436,3.230332353365236
5580.0,-4840.52255826963,-97.86103318333772,4823.8383660134905,3.00318251352258,-6.408001030352259,2.8754045686735483
5640.0,-4649.61461714575,-481.83403695990853,4985.387814209162,3.3580345041616515,-6.386325455229743,2.5075834570889275
5700.0,-4437.860479366983,-863.6467333807519,5124.522440524232,3.69779910246074,-6.336020451376403,2.12852209628561
5760.0,-4206.211249850898,-1241.5876258934654,5240.618673570287,4.0209596222410235,-6.257315896100713,1.7399222418318852
5820.0,-3955.706812723508,-1613.9628020151383,5333.156319027366,4.326074377961942,-6.1505676844365365,1.3435267989218698
5880.0,-3687.471148553201,-1979.1034413432708,5401.720799356289,4.611782712777619,-6.016255897403263,0.9411121985774631
5940.0,-3402.707300811264,-2335.373199471318,5446.004933881845,4.876810669627323,-5.854982506192882,0.5344807013651824
6000.0,-3102.692013104786,-2681.175440523113,5465.8102555818705,5.119976300976854,-5.667468629064705,0.12545264845610798
6060.0,-2788.770058956018,-3014.9602919680488,5461.047862011925,5.340194613068749,-5.4545513550949165,-0.2841413227906931
6120.0,-2462.348286174995,-3335.2314961256798,5431.738798746224,5.536482139905067,-5.21718014617538,-0.692468083435354
6180.0,-2124.8893981315146,-3640.553033430032,5378.013974572017,5.707961140858702,-4.956412825928409,-1.0976998236530893
6240.0,-1777.9054947387194,-3929.555492876709,5300.113608491128,5.853863413770314,-4.6734111618626,-1.498021855546465
6300.0,-1422.9513963623003,-4200.942165528483,5198.38620938778,5.973533713047589,-4.369436045059869,-1.8916403936484796
6360.0,-1061.617774830453,-4453.494836944669,5073.287090157478,6.0664327594856955,-4.045842270616276,-2.2767902969040237
6420.0,-695.5241163042188,-4686.079254809569,4925.376419044527,6.132139825938544,-3.7040729213594337,-2.6517427539948946
6480.0,-326.3115420543184,-4897.650247975449,4755.31681215567,6.17035488029361,-3.3456533579945016,-3.0148128906552856
6540.0,44.364485740761104,-5087.256473444934,4563.87047246542,6.180900265060241,-2.972184820129763,-3.364367274321304
6600.0,414.8415447139627,-5254.044768102706,4351.895882233377,6.163721891223615,-2.58533764503294,-3.698831287632725
6660.0,783.4576897024366,-5397.264082500853,4120.3440575890245,6.1188899231057094,-2.186844114275807,-4.016696338394518
6720.0,1148.558915555151,-5516.268974721275,3870.254376114741,6.046598930929069,-1.7784909425948752,-4.316526869767255
6780.0,1508.5066127081325,-5610.522643334863,3602.7499905606373,5.947167488705068,-1.3621114282058229,-4.596967130906994
6840.0,1861.6849815833127,-5679.599479792725,3319.032844327467,5.8210371970275485,-0.93957728929506,-4.856747665228589
6900.0,2206.5083707209765,-5723.187122246813,3020.3783070204254,5.668771113364463,-0.5127902172863269,-5.094691471108864
6960.0,2541.428502627005,-5741.0879948235815,2708.1294511565156,5.491051576476586,-0.083673183525523,-5.3097197883491605
7020.0,2864.941550660889,-5733.220318766674,2383.6909939451148,5.288677416583074,0.34583845798266377,-5.500857463213562
7080.0,3175.5950299636306,-5699.61858461176,2048.5229308914886,5.062560548725694,0.7738060234511736,-5.667237845449847
7140.0,3471.9944654735714,-5640.433477633229,1704.1338907249385,4.81372195330421,1.198296654283485,-5.808107172442425
7200.0,3752.8098005330185,-5555.931252168273,1352.0742437625897,4.543287054786015,1.6173925161720473,-5.922828398549851
7260.0,4016.7815104786405,-5446.492554029079,993.9289982123933,4.25248051692303,2.0291999808211605,-6.010884431714603
7320.0,4262.726386940272,-5312.610693995864,631.3105210337606,3.9426204802179696,2.4318587263409155,-6.071880744520314
7380.0,4489.542960344623,-5154.889379273214,265.85112175177056,3.615112274639228,2.823550691106649,-6.105547332894902
7440.0,4696.216530316028,-4974.039913714623,-100.80446098892088,3.271441647460439,3.2025088159040056,-6.1117400024623425
7500.0,4881.823776255841,-4770.87788149666,-467.0066293814996,2.9131675523793295,3.5670255105149655,-6.090440969946325
7560.0,5045.536923322635,-4546.319332677559,-831.1085116679975,2.5419145515539268,3.915460783527941,-6.04175877481745
7620.0,5186.627442275242,-4301.376492629309,-1191.473521307862,2.1593648867102333,4.246249978014019,-5.965927504328471
7680.0,5304.469265117146,-4037.153020617851,-1546.482849242235,1.7672502788876183,4.557911060694705,-5.863305342969568
7740.0,5398.54150212451,-3754.8388457612614,-1894.5428492858211,1.3673435185993303,4.849051418185709,-5.734372464969691
7800.0,5468.4306495790515,-3455.7046111672375,-2234.0922780105507,0.96144990913803,5.118374120658859,-5.57972829555368
7860.0,5513.832281283517,-3141.0957592010054,-2563.6093522155597,0.5513986254437045,5.364683620607831,-5.400088173041021
7920.0,5534.552220639293,-2812.4262925312864,-2881.618589165352,0.13903404940215633,5.586890862111658,-5.196279449367467
7980.0,5530.507193638488,-2471.1722468376397,-3186.6973971588072,-0.2737928602570022,5.784017783819668,-4.969237071090274
8040.0,5501.724966503588,-2118.8649118288295,-3477.482386612737,-0.6852331090370742,5.955201206602131,-4.7199986862952725
8100.0,5448.343974836319,-1757.0838375432559,-3752.675374626179,-1.0934480689201913,6.099696104184579,-4.4496993250065175
8160.0,5370.612453967681,-1387.4496627950266,-4011.0490588759994,-1.4966176973057848,6.216878261904279,-4.159565701683519
8220.0,5268.887082695969,-1011.616802141512,-4251.452339601416,-1.8929485339862306,6.306246334800167,-3.8509101882105607
8280.0,5143.631154735791,-631.2660269210572,-4472.815271303769,-2.280681443609839,6.367423321418968,-3.5251245045012345
8340.0,4995.412293968055,-248.09697480535166,-4674.153628551515,-2.6580990772414665,6.400157473867123,-3.1836731715702227
8400.0,4824.899730982379,136.17937900810358,-4854.573072884093,-3.0235330326275753,6.404322667682002,-2.8280867688064695
8460.0,4632.861159453974,519.8482573088845,-5013.272910207811,-3.3753706984003293,6.379918257000949,-2.459955033384779
8520.0,4420.159191626699,901.1985929862584,-5149.549430232595,-3.712061772519762,6.327068441280637,-2.080919835475337
8580.0,4187.7474326199135,1278.530489202524,-5262.79882138982,-4.03212444959748,6.24602116951535,-1.692668058355487
8640.0,3936.6661934872277,1650.1626006075733,-5352.519656285636,-4.334151275237479,6.137146606613861,-1.29692440791121
8700.0,3668.0378629843567,2014.4394099934689,-5418.314944083482,-4.6168146680781605,6.000935184451752,-0.8954441715475431
8760.0,3383.0619579106674,2369.7383760565754,-5459.893747287738,-4.878872111771642,5.8379952572821425,-0.49000594241034734
